<?xml version="1.0" encoding="UTF-8"?>
<project-private xmlns="http://www.netbeans.org/ns/project-private/1">
    <editor-bookmarks xmlns="http://www.netbeans.org/ns/editor-bookmarks/2" lastBookmarkId="1">
        <file>
            <url>src/main/ClientConnectForm.java</url>
            <bookmark id="1">
                <name/>
                <line>100</line>
                <key/>
            </bookmark>
        </file>
    </editor-bookmarks>
    <open-files xmlns="http://www.netbeans.org/ns/projectui-open-files/2">
        <group>
            <file>file:/C:/Users/Danh%20Cooper/Documents/NetBeansProjects/Assignment1_MMT2/src/main/callAlertForm.java</file>
            <file>file:/C:/Users/Danh%20Cooper/Documents/NetBeansProjects/Assignment1_MMT2/src/main/receiveThread.java</file>
            <file>file:/C:/Users/Danh%20Cooper/Documents/NetBeansProjects/Assignment1_MMT2/src/main/ClientGUI.java</file>
            <file>file:/C:/Users/Danh%20Cooper/Documents/NetBeansProjects/Assignment1_MMT2/src/main/sendThread.java</file>
            <file>file:/C:/Users/Danh%20Cooper/Documents/NetBeansProjects/Assignment1_MMT2/src/main/RTPReceive.java</file>
            <file>file:/C:/Users/Danh%20Cooper/Documents/NetBeansProjects/Assignment1_MMT2/src/main/ClientConnectForm.java</file>
        </group>
    </open-files>
</project-private>
